video,teaching_moment,section,section_name,paragraph,display_instruction,camera_map_mode,prompt_file,map_file
4,2,7,A SIMPLE EXAMPLE,2,TRUE FULL-SCREEN ILLUSTRATION | TEST ASSUMPTIONS / CHALLENGE THE ANSWER / EXPLAIN THE RECOMMENDATION,CAMERA,NEW_V04_Synchronized_Production_Package/03_RIVERSIDE/Riverside_CoCreator_Master_Prompt.txt,NEW_V04_Synchronized_Production_Package/03_RIVERSIDE/Camera_and_Full_Screen_Map.txt
5,2,8,"ASK FOR DEVELOPMENT, NOT ONLY MORE WORK",3,TRUE FULL-SCREEN CONVERSATION | A SPECIFIC DEVELOPMENT REQUEST,CAMERA,NEW_V05_Synchronized_Production_Package/03_RIVERSIDE/Riverside_CoCreator_Master_Prompt.txt,NEW_V05_Synchronized_Production_Package/03_RIVERSIDE/Camera_and_Full_Screen_Map.txt
5,3,11,SET A REVIEW POINT,1,TRUE FULL-SCREEN WORKING NOTE | REVIEW WHAT CHANGED,CAMERA,NEW_V05_Synchronized_Production_Package/03_RIVERSIDE/Riverside_CoCreator_Master_Prompt.txt,NEW_V05_Synchronized_Production_Package/03_RIVERSIDE/Camera_and_Full_Screen_Map.txt
6,1,5,2 | AUTHORITY,2,TRUE FULL-SCREEN POSTING COMPARISON | SUPPORTING ≠ SETTING,CAMERA,NEW_V06_Synchronized_Production_Package/03_RIVERSIDE/Riverside_CoCreator_Master_Prompt.txt,NEW_V06_Synchronized_Production_Package/03_RIVERSIDE/Camera_and_Full_Screen_Map.txt
6,2,7,4 | REAL GAP,3,TRUE FULL-SCREEN REQUIREMENT CARD | REQUIRED TIME OVERLAP,CAMERA,NEW_V06_Synchronized_Production_Package/03_RIVERSIDE/Riverside_CoCreator_Master_Prompt.txt,NEW_V06_Synchronized_Production_Package/03_RIVERSIDE/Camera_and_Full_Screen_Map.txt
7,1,6,FOUR THINGS I LOOK FOR,1,TRUE FULL-SCREEN TEACHING | VISIBLE PROOF / JUDGMENT / TRUST / SPONSORSHIP + ACCESS,CAMERA,NEW_V07_Synchronized_Production_Package/03_RIVERSIDE/Riverside_CoCreator_Master_Prompt.txt,NEW_V07_Synchronized_Production_Package/03_RIVERSIDE/Camera_and_Full_Screen_Map.txt
7,2,9,A CONVERSATION YOU CAN HAVE,1,TRUE FULL-SCREEN CONVERSATION | ASK FOR A CLEARER TARGET,CAMERA,NEW_V07_Synchronized_Production_Package/03_RIVERSIDE/Riverside_CoCreator_Master_Prompt.txt,NEW_V07_Synchronized_Production_Package/03_RIVERSIDE/Camera_and_Full_Screen_Map.txt
7,3,11,READ YOUR OWN SITUATION,1,TRUE FULL-SCREEN WORKING NOTE | PROBLEM / MY DECISION / WHO SAW IT / WHAT CHANGED,CAMERA,NEW_V07_Synchronized_Production_Package/03_RIVERSIDE/Riverside_CoCreator_Master_Prompt.txt,NEW_V07_Synchronized_Production_Package/03_RIVERSIDE/Camera_and_Full_Screen_Map.txt
8,3,6,WHAT TO WRITE DOWN,2,TRUE FULL-SCREEN EXAMPLE NOTE | MY DECISION: Y / BUDGET APPROVAL: Z,CAMERA,NEW_V08_Synchronized_Production_Package/03_RIVERSIDE/Riverside_CoCreator_Master_Prompt.txt,NEW_V08_Synchronized_Production_Package/03_RIVERSIDE/Camera_and_Full_Screen_Map.txt
8,4,13,STORY LOOP PAYOFF,1,"TRUE FULL-SCREEN CALLBACK, THEN CAMERA | ACCESS MAY END. KEEP AN ACCURATE, PERMITTED RECORD.",CAMERA,NEW_V08_Synchronized_Production_Package/03_RIVERSIDE/Riverside_CoCreator_Master_Prompt.txt,NEW_V08_Synchronized_Production_Package/03_RIVERSIDE/Camera_and_Full_Screen_Map.txt
9,1,5,THE FOUR QUESTIONS,1,TRUE FULL-SCREEN TEACHING | WHAT TRAVELS? / WHAT DOES NOT? / WHAT CAN I PROVE? / WHAT MUST I RELEARN?,CAMERA,NEW_V09_Synchronized_Production_Package/03_RIVERSIDE/Riverside_CoCreator_Master_Prompt.txt,NEW_V09_Synchronized_Production_Package/03_RIVERSIDE/Camera_and_Full_Screen_Map.txt
9,2,10,THINK OF IT LIKE SORTING,1,TRUE FULL-SCREEN SORTING ILLUSTRATION | AS IT IS / NEEDS TRANSLATION / CONTEXT-BOUND / NEEDS LEARNING,CAMERA,NEW_V09_Synchronized_Production_Package/03_RIVERSIDE/Riverside_CoCreator_Master_Prompt.txt,NEW_V09_Synchronized_Production_Package/03_RIVERSIDE/Camera_and_Full_Screen_Map.txt
9,3,14,HOW TO TALK ABOUT THE GAP,2,TRUE FULL-SCREEN CONVERSATION | USEFUL EXPERIENCE: X / USED TO SOLVE: Y / NEED TO BUILD: Z,CAMERA,NEW_V09_Synchronized_Production_Package/03_RIVERSIDE/Riverside_CoCreator_Master_Prompt.txt,NEW_V09_Synchronized_Production_Package/03_RIVERSIDE/Camera_and_Full_Screen_Map.txt
10,1,1,HOOK,6,TRUE FULL-SCREEN FRAMEWORK | READ / TEST / PROVE,CAMERA,NEW_V10_Synchronized_Production_Package/03_RIVERSIDE/Riverside_CoCreator_Master_Prompt.txt,NEW_V10_Synchronized_Production_Package/03_RIVERSIDE/Camera_and_Full_Screen_Map.txt
10,2,6,WHAT READ DOES NOT MEAN,1,"CAMERA, THEN BRIEF FULL-SCREEN CONTRAST | READ ≠ STAY SILENT",CAMERA,NEW_V10_Synchronized_Production_Package/03_RIVERSIDE/Riverside_CoCreator_Master_Prompt.txt,NEW_V10_Synchronized_Production_Package/03_RIVERSIDE/Camera_and_Full_Screen_Map.txt
10,5,12,THE FIRST-90-DAYS READ,2,TRUE FULL-SCREEN WORKING PAGE | READ / TEST / PROVE / ROLE CHECK,CAMERA,NEW_V10_Synchronized_Production_Package/03_RIVERSIDE/Riverside_CoCreator_Master_Prompt.txt,NEW_V10_Synchronized_Production_Package/03_RIVERSIDE/Camera_and_Full_Screen_Map.txt
11,5,12,TAKEAWAY VALUE,1,"TRUE FULL-SCREEN WORKING PAGE, THEN CAMERA | ONE DIFFERENCE / ONE COST / ONE NEXT ACTION",CAMERA,NEW_V11_Synchronized_Production_Package/03_RIVERSIDE/Riverside_CoCreator_Master_Prompt.txt,NEW_V11_Synchronized_Production_Package/03_RIVERSIDE/Camera_and_Full_Screen_Map.txt
